match,bowlingTeam,bowlerName,overs,maiden,runs,wickets,economy,0s,4s,6s,wides,noBalls,match_id
South Africa Vs England,England,Reece Topley,4,0,23,0,5.75,8,1,0,2,0,T20I # 2712
South Africa Vs England,England,Moeen Ali,3,0,25,1,8.33,6,2,1,0,0,T20I # 2712
South Africa Vs England,England,Jofra Archer,4,0,40,3,10.00,10,3,3,1,0,T20I # 2712
South Africa Vs England,England,Sam Curran,3,0,29,0,9.66,7,1,2,1,0,T20I # 2712
South Africa Vs England,England,Adil Rashid,4,0,20,1,5.00,9,1,0,0,0,T20I # 2712
South Africa Vs England,England,Mark Wood,2,0,22,0,11.00,4,4,0,2,0,T20I # 2712
South Africa Vs England,South Africa,Marco Jansen,4,0,31,0,7.75,9,2,1,0,1,T20I # 2712
South Africa Vs England,South Africa,Kagiso Rabada,4,0,32,2,8.00,9,3,1,2,0,T20I # 2712
South Africa Vs England,South Africa,Keshav Maharaj,4,0,25,2,6.25,9,2,0,0,0,T20I # 2712
South Africa Vs England,South Africa,Ottneil Baartman,3,0,27,1,9.00,7,3,1,0,0,T20I # 2712
South Africa Vs England,South Africa,Anrich Nortje,4,0,35,1,8.75,4,4,0,1,0,T20I # 2712
South Africa Vs England,South Africa,Aiden Markram,1,0,4,0,4.00,2,0,0,0,0,T20I # 2712
Canada Vs Ireland,Ireland,Mark Adair,4,0,23,1,5.75,10,2,0,1,0,T20I # 2644
Canada Vs Ireland,Ireland,Josh Little,4,0,37,0,9.25,6,4,0,2,0,T20I # 2644
Canada Vs Ireland,Ireland,Craig Young,4,0,32,2,8.00,13,3,2,1,0,T20I # 2644
Canada Vs Ireland,Ireland,Barry McCarthy,4,0,24,2,6.00,12,4,0,0,0,T20I # 2644
Canada Vs Ireland,Ireland,Gareth Delany,2,0,10,1,5.00,5,0,0,0,0,T20I # 2644
Canada Vs Ireland,Ireland,Curtis Campher,2,0,11,0,5.50,4,0,0,1,0,T20I # 2644
Canada Vs Ireland,Canada,Kaleem Sana,4,0,38,0,9.50,11,4,1,3,0,T20I # 2644
Canada Vs Ireland,Canada,Jeremy Gordon,4,0,16,2,4.00,14,1,0,1,0,T20I # 2644
Canada Vs Ireland,Canada,Junaid Siddiqui,4,0,27,1,6.75,9,1,1,0,0,T20I # 2644
Canada Vs Ireland,Canada,Saad Bin Zafar,4,0,22,1,5.50,7,0,0,0,0,T20I # 2644
Canada Vs Ireland,Canada,Dilon Heyliger,4,0,18,2,4.50,12,1,0,1,0,T20I # 2644
England Vs Namibia,Namibia,David Wiese,2,0,6,1,3.00,9,1,0,0,0,T20I # 2688
England Vs Namibia,Namibia,Ruben Trumpelmann,2,0,31,2,15.50,3,2,3,1,0,T20I # 2688
England Vs Namibia,Namibia,Bernard Scholtz,2,0,24,1,12.00,4,1,2,0,0,T20I # 2688
England Vs Namibia,Namibia,Gerhard Erasmus,2,0,26,0,13.00,2,2,1,0,0,T20I # 2688
England Vs Namibia,Namibia,Jack Brassell,2,0,32,0,16.00,2,3,2,0,0,T20I # 2688
England Vs Namibia,England,Reece Topley,2,0,6,0,3.00,8,0,0,0,1,T20I # 2688
England Vs Namibia,England,Jofra Archer,2,0,15,1,7.50,7,1,1,1,0,T20I # 2688
England Vs Namibia,England,Sam Curran,2,0,13,0,6.50,5,2,0,0,0,T20I # 2688
England Vs Namibia,England,Chris Jordan,2,0,19,1,9.50,4,0,2,0,0,T20I # 2688
England Vs Namibia,England,Adil Rashid,2,0,29,0,14.50,3,1,3,1,0,T20I # 2688
Oman Vs Scotland,Scotland,Mark Watt,4,0,25,1,6.25,8,2,0,2,0,T20I # 2659
Oman Vs Scotland,Scotland,Brad Wheal,4,0,19,1,4.75,12,2,0,0,0,T20I # 2659
Oman Vs Scotland,Scotland,Chris Sole,4,0,41,1,10.25,7,2,3,0,0,T20I # 2659
Oman Vs Scotland,Scotland,Safyaan Sharif,4,0,40,2,10.00,6,6,0,0,0,T20I # 2659
Oman Vs Scotland,Scotland,Michael Leask,3,0,21,0,7.00,8,1,1,1,0,T20I # 2659
Oman Vs Scotland,Scotland,Chris Greaves,1,0,2,1,2.00,4,0,0,0,0,T20I # 2659
Oman Vs Scotland,Oman,Bilal Khan,2.1,0,12,1,5.53,8,2,0,0,0,T20I # 2659
Oman Vs Scotland,Oman,Shakeel Ahmed,2,0,23,0,11.50,5,2,2,0,0,T20I # 2659
Oman Vs Scotland,Oman,Kaleemullah,2,0,17,0,8.50,6,2,1,0,0,T20I # 2659
Oman Vs Scotland,Oman,Aqib Ilyas,3,0,41,1,13.66,6,4,3,0,0,T20I # 2659
Oman Vs Scotland,Oman,Mehran Khan,1,0,16,1,16.00,3,1,1,1,0,T20I # 2659
Oman Vs Scotland,Oman,Zeeshan Maqsood,2,0,22,0,11.00,4,2,1,0,0,T20I # 2659
Oman Vs Scotland,Oman,Ayaan Khan,1,0,20,0,20.00,1,0,3,0,0,T20I # 2659
India Vs South Africa,South Africa,Marco Jansen,4,0,49,1,12.25,4,5,2,1,1,T20I # 2729
India Vs South Africa,South Africa,Keshav Maharaj,3,0,23,2,7.66,10,3,1,0,0,T20I # 2729
India Vs South Africa,South Africa,Kagiso Rabada,4,0,36,1,9.00,8,2,2,2,0,T20I # 2729
India Vs South Africa,South Africa,Aiden Markram,2,0,16,0,8.00,1,0,1,0,0,T20I # 2729
India Vs South Africa,South Africa,Anrich Nortje,4,0,26,2,6.50,7,2,0,2,0,T20I # 2729
India Vs South Africa,South Africa,Tabraiz Shamsi,3,0,26,0,8.66,4,1,1,1,0,T20I # 2729
India Vs South Africa,India,Arshdeep Singh,4,0,20,2,5.00,12,2,0,0,0,T20I # 2729
India Vs South Africa,India,Jasprit Bumrah,4,0,18,2,4.50,14,2,0,0,0,T20I # 2729
India Vs South Africa,India,Axar Patel,4,0,49,1,12.25,8,5,3,2,0,T20I # 2729
India Vs South Africa,India,Kuldeep Yadav,4,0,45,0,11.25,6,3,3,0,0,T20I # 2729
India Vs South Africa,India,Hardik Pandya,3,0,20,3,6.66,9,1,1,1,1,T20I # 2729
India Vs South Africa,India,Ravindra Jadeja,1,0,12,0,12.00,0,0,1,0,0,T20I # 2729
Scotland Vs Info,Info,Mark Wood,2,0,11,0,5.50,7,1,0,1,1,
Scotland Vs Info,Info,Jofra Archer,2,0,12,0,6.00,6,1,0,0,0,
Scotland Vs Info,Info,Moeen Ali,2,0,15,0,7.50,3,2,0,0,0,
Scotland Vs Info,Info,Chris Jordan,2,0,24,0,12.00,5,2,2,0,0,
Scotland Vs Info,Info,Adil Rashid,2,0,26,0,13.00,2,2,2,0,0,
Afghanistan Vs Australia,Australia,Ashton Agar,4,1,17,0,4.25,15,1,0,0,0,T20I # 2717
Afghanistan Vs Australia,Australia,Josh Hazlewood,4,0,39,0,9.75,10,4,2,1,0,T20I # 2717
Afghanistan Vs Australia,Australia,Pat Cummins,4,0,28,3,7.00,13,3,1,1,0,T20I # 2717
Afghanistan Vs Australia,Australia,Adam Zampa,4,0,28,2,7.00,9,2,1,1,0,T20I # 2717
Afghanistan Vs Australia,Australia,Glenn Maxwell,2,0,12,0,6.00,5,1,0,1,0,T20I # 2717
Afghanistan Vs Australia,Australia,Marcus Stoinis,2,0,19,1,9.50,4,1,1,0,0,T20I # 2717
Afghanistan Vs Australia,Afghanistan,Naveen-ul-Haq,4,0,20,3,5.00,12,2,0,0,0,T20I # 2717
Afghanistan Vs Australia,Afghanistan,Fazalhaq Farooqi,3,0,21,0,7.00,8,2,0,0,1,T20I # 2717
Afghanistan Vs Australia,Afghanistan,Azmatullah Omarzai,1.2,0,10,1,7.50,5,2,0,0,0,T20I # 2717
Afghanistan Vs Australia,Afghanistan,Mohammad Nabi,1,0,1,1,1.00,5,0,0,0,0,T20I # 2717
Afghanistan Vs Australia,Afghanistan,Nangeyalia Kharote,1,0,13,0,13.00,1,1,1,0,0,T20I # 2717
Afghanistan Vs Australia,Afghanistan,Rashid Khan,4,0,23,1,5.75,11,1,1,2,0,T20I # 2717
Afghanistan Vs Australia,Afghanistan,Noor Ahmad,1,0,11,0,11.00,3,1,0,1,0,T20I # 2717
Afghanistan Vs Australia,Afghanistan,Gulbadin Naib,4,0,20,4,5.00,13,1,1,0,0,T20I # 2717
Afghanistan Vs South Africa,South Africa,Marco Jansen,3,0,16,3,5.33,13,2,0,4,0,T20I # 2723
Afghanistan Vs South Africa,South Africa,Keshav Maharaj,1,0,6,0,6.00,3,1,0,0,0,T20I # 2723
Afghanistan Vs South Africa,South Africa,Kagiso Rabada,3,1,14,2,4.66,13,3,0,0,0,T20I # 2723
Afghanistan Vs South Africa,South Africa,Anrich Nortje,3,0,7,2,2.33,14,0,0,1,0,T20I # 2723
Afghanistan Vs South Africa,South Africa,Tabraiz Shamsi,1.5,0,6,3,3.27,9,1,0,1,0,T20I # 2723
Afghanistan Vs South Africa,Afghanistan,Naveen-ul-Haq,3,0,15,0,5.00,12,2,0,1,0,T20I # 2723
Afghanistan Vs South Africa,Afghanistan,Fazalhaq Farooqi,2,0,11,1,5.50,9,2,0,1,0,T20I # 2723
Afghanistan Vs South Africa,Afghanistan,Rashid Khan,1,0,8,0,8.00,2,1,0,0,0,T20I # 2723
Afghanistan Vs South Africa,Afghanistan,Azmatullah Omarzai,1.5,0,18,0,9.81,6,2,1,0,1,T20I # 2723
Afghanistan Vs South Africa,Afghanistan,Gulbadin Naib,1,0,8,0,8.00,2,1,0,0,0,T20I # 2723
Uganda Vs New Zealand,New Zealand,Trent Boult,4,1,7,2,1.75,20,1,0,0,0,T20I # 2682
Uganda Vs New Zealand,New Zealand,Tim Southee,4,1,4,3,1.00,20,0,0,0,0,T20I # 2682
Uganda Vs New Zealand,New Zealand,Mitchell Santner,3.4,0,8,2,2.18,17,0,0,3,0,T20I # 2682
Uganda Vs New Zealand,New Zealand,Lockie Ferguson,4,0,9,1,2.25,20,1,0,2,0,T20I # 2682
Uganda Vs New Zealand,New Zealand,Rachin Ravindra,3,1,9,2,3.00,12,1,0,0,0,T20I # 2682
Uganda Vs New Zealand,Uganda,Cosmas Kyewuta,2,0,13,0,6.50,6,1,0,2,1,T20I # 2682
Uganda Vs New Zealand,Uganda,Juma Miyagi,2.2,0,16,0,6.85,7,3,0,0,0,T20I # 2682
Uganda Vs New Zealand,Uganda,Riazat Ali Shah,1,0,10,1,10.00,3,1,0,4,0,T20I # 2682
India Vs Afghanistan,Afghanistan,Fazalhaq Farooqi,4,0,33,3,8.25,12,4,1,2,0,T20I # 2710
India Vs Afghanistan,Afghanistan,Mohammad Nabi,3,0,24,0,8.00,7,3,0,0,0,T20I # 2710
India Vs Afghanistan,Afghanistan,Naveen-ul-Haq,4,0,40,1,10.00,9,3,2,3,0,T20I # 2710
India Vs Afghanistan,Afghanistan,Rashid Khan,4,0,26,3,6.50,13,3,1,0,0,T20I # 2710
India Vs Afghanistan,Afghanistan,Noor Ahmad,3,0,30,0,10.00,4,1,2,1,0,T20I # 2710
India Vs Afghanistan,Afghanistan,Azmatullah Omarzai,2,0,23,0,11.50,3,2,1,1,0,T20I # 2710
India Vs Afghanistan,India,Arshdeep Singh,4,0,36,3,9.00,12,3,2,5,0,T20I # 2710
India Vs Afghanistan,India,Jasprit Bumrah,4,1,7,3,1.75,20,1,0,0,0,T20I # 2710
India Vs Afghanistan,India,Axar Patel,3,1,15,1,5.00,11,0,1,0,0,T20I # 2710
India Vs Afghanistan,India,Hardik Pandya,2,0,13,0,6.50,8,1,1,1,0,T20I # 2710
India Vs Afghanistan,India,Kuldeep Yadav,4,0,32,2,8.00,11,2,2,1,1,T20I # 2710
India Vs Afghanistan,India,Ravindra Jadeja,3,0,20,1,6.66,4,0,1,0,0,T20I # 2710
Oman Vs Namibia,Namibia,Ruben Trumpelmann,4,0,21,4,5.25,12,2,0,0,1,T20I # 2634
Oman Vs Namibia,Namibia,David Wiese,3.4,0,28,3,7.63,11,4,1,0,0,T20I # 2634
Oman Vs Namibia,Namibia,Tangeni Lungameni,4,0,18,0,4.50,14,2,0,1,0,T20I # 2634
Oman Vs Namibia,Namibia,Bernard Scholtz,4,0,20,1,5.00,11,0,1,1,0,T20I # 2634
Oman Vs Namibia,Namibia,Gerhard Erasmus,4,0,20,2,5.00,9,1,0,0,0,T20I # 2634
Oman Vs Namibia,Oman,Bilal Khan,4,0,25,1,6.25,11,2,1,1,0,T20I # 2634
Oman Vs Namibia,Oman,Shakeel Ahmed,3,0,20,0,6.66,10,4,0,0,0,T20I # 2634
Oman Vs Namibia,Oman,Kaleemullah,2,0,10,0,5.00,7,1,0,0,0,T20I # 2634
Oman Vs Namibia,Oman,Aqib Ilyas,4,1,17,1,4.25,15,1,1,0,0,T20I # 2634
Oman Vs Namibia,Oman,Mehran Khan,3,1,7,3,2.33,12,0,0,0,0,T20I # 2634
Oman Vs Namibia,Oman,Zeeshan Maqsood,2,0,12,0,6.00,4,1,0,0,0,T20I # 2634
Oman Vs Namibia,Oman,Ayaan Khan,2,0,12,1,6.00,6,1,0,1,0,T20I # 2634
Oman Vs England,England,Reece Topley,3,0,12,0,4.00,11,0,1,0,0,T20I # 2678
Oman Vs England,England,Jofra Archer,3.2,1,12,3,3.60,15,2,0,1,0,T20I # 2678
Oman Vs England,England,Mark Wood,3,0,12,3,4.00,10,1,0,0,0,T20I # 2678
Oman Vs England,England,Adil Rashid,4,0,11,4,2.75,20,1,0,3,0,T20I # 2678
Oman Vs England,Oman,Bilal Khan,2,0,36,1,18.00,3,4,3,0,0,T20I # 2678
Oman Vs England,Oman,Kaleemullah,1,0,10,1,10.00,4,2,0,0,1,T20I # 2678
Oman Vs England,Oman,Fayyaz Butt,0.1,0,4,0,24.00,0,1,0,0,0,T20I # 2678
Bangladesh Vs Nepal,Nepal,Sompal Kami,3,0,10,2,3.33,12,1,0,0,0,T20I # 2698
Bangladesh Vs Nepal,Nepal,Dipendra Singh Airee,3.3,0,22,2,6.28,11,3,0,0,0,T20I # 2698
Bangladesh Vs Nepal,Nepal,Rohit Paudel,4,0,20,2,5.00,11,2,0,0,0,T20I # 2698
Bangladesh Vs Nepal,Nepal,Sandeep Lamichhane,4,1,17,2,4.25,15,2,0,1,0,T20I # 2698
Bangladesh Vs Nepal,Nepal,Kushal Bhurtel,4,0,22,0,5.50,12,1,1,2,0,T20I # 2698
Bangladesh Vs Nepal,Nepal,Abinash Bohara,1,0,10,0,10.00,3,1,0,2,0,T20I # 2698
Bangladesh Vs Nepal,Bangladesh,Tanzim Hasan Sakib,4,2,7,4,1.75,21,1,0,1,0,T20I # 2698
Bangladesh Vs Nepal,Bangladesh,Taskin Ahmed,4,0,29,1,7.25,13,4,1,1,0,T20I # 2698
Bangladesh Vs Nepal,Bangladesh,Mustafizur Rahman,4,1,7,3,1.75,20,1,0,0,0,T20I # 2698
Bangladesh Vs Nepal,Bangladesh,Rishad Hossain,3,0,15,0,5.00,13,1,0,1,0,T20I # 2698
Bangladesh Vs Nepal,Bangladesh,Shakib Al Hasan,2.2,0,9,2,3.85,7,0,0,0,0,T20I # 2698
Bangladesh Vs Nepal,Bangladesh,Mahmudullah,2,0,15,0,7.50,6,1,1,0,0,T20I # 2698
U.S.A. Vs India,India,Arshdeep Singh,4,0,9,4,2.25,17,0,0,1,0,T20I # 2671
U.S.A. Vs India,India,Mohammed Siraj,4,0,25,0,6.25,11,1,1,0,0,T20I # 2671
U.S.A. Vs India,India,Jasprit Bumrah,4,0,25,0,6.25,14,1,1,1,0,T20I # 2671
U.S.A. Vs India,India,Hardik Pandya,4,1,14,2,3.50,19,1,1,0,0,T20I # 2671
U.S.A. Vs India,India,Shivam Dube,1,0,11,0,11.00,3,1,1,0,0,T20I # 2671
U.S.A. Vs India,India,Axar Patel,3,0,25,1,8.33,5,0,2,1,0,T20I # 2671
U.S.A. Vs India,U.S.A.,Saurabh Netravalkar,4,0,18,2,4.50,13,0,1,0,0,T20I # 2671
U.S.A. Vs India,U.S.A.,Ali Khan,3.2,0,21,1,6.30,8,2,0,1,0,T20I # 2671
U.S.A. Vs India,U.S.A.,Jasdeep Singh,4,0,24,0,6.00,11,1,1,0,1,T20I # 2671
U.S.A. Vs India,U.S.A.,Shadley van Schalkwyk,4,0,25,0,6.25,8,1,1,0,0,T20I # 2671
U.S.A. Vs India,U.S.A.,Corey Anderson,3,0,17,0,5.66,8,0,1,1,0,T20I # 2671
Scotland Vs Australia,Australia,Ashton Agar,4,0,39,1,9.75,6,0,3,1,0,T20I # 2689
Scotland Vs Australia,Australia,Mitchell Starc,4,0,31,0,7.75,10,1,2,1,0,T20I # 2689
Scotland Vs Australia,Australia,Nathan Ellis,4,0,34,1,8.50,7,2,1,3,0,T20I # 2689
Scotland Vs Australia,Australia,Glenn Maxwell,4,0,44,2,11.00,8,2,4,1,0,T20I # 2689
Scotland Vs Australia,Australia,Adam Zampa,4,0,30,1,7.50,8,1,2,0,0,T20I # 2689
Scotland Vs Australia,Scotland,Michael Leask,4,0,39,0,9.75,8,2,3,0,0,T20I # 2689
Scotland Vs Australia,Scotland,Brad Wheal,3.4,1,28,1,7.63,12,4,1,0,0,T20I # 2689
Scotland Vs Australia,Scotland,Mark Watt,4,0,34,2,8.50,10,6,0,1,0,T20I # 2689
Scotland Vs Australia,Scotland,Chris Sole,3,0,33,0,11.00,4,3,1,1,0,T20I # 2689
Scotland Vs Australia,Scotland,Safyaan Sharif,4,0,42,2,10.50,8,2,3,3,0,T20I # 2689
Scotland Vs Australia,Scotland,Chris Greaves,1,0,4,0,4.00,2,0,0,0,0,T20I # 2689
P.N.G. Vs Afghanistan,Afghanistan,Fazalhaq Farooqi,4,0,16,3,4.00,17,1,0,1,0,T20I # 2679
P.N.G. Vs Afghanistan,Afghanistan,Mohammad Nabi,1,0,9,0,9.00,1,1,0,0,0,T20I # 2679
P.N.G. Vs Afghanistan,Afghanistan,Naveen-ul-Haq,2.5,0,4,2,1.41,14,0,0,1,0,T20I # 2679
P.N.G. Vs Afghanistan,Afghanistan,Rashid Khan,4,0,25,0,6.25,10,1,0,1,0,T20I # 2679
P.N.G. Vs Afghanistan,Afghanistan,Noor Ahmad,4,0,14,1,3.50,15,1,0,1,0,T20I # 2679
P.N.G. Vs Afghanistan,Afghanistan,Azmatullah Omarzai,2,1,5,0,2.50,10,1,0,0,0,T20I # 2679
P.N.G. Vs Afghanistan,Afghanistan,Karim Janat,2,0,10,0,5.00,7,1,0,1,0,T20I # 2679
P.N.G. Vs Afghanistan,P.N.G.,Alei Nao,4,0,26,1,6.50,14,0,2,3,0,T20I # 2679
P.N.G. Vs Afghanistan,P.N.G.,Semo Kamea,3,0,16,1,5.33,10,2,0,2,0,T20I # 2679
P.N.G. Vs Afghanistan,P.N.G.,Chad Soper,2.1,0,19,0,8.76,5,1,1,0,0,T20I # 2679
P.N.G. Vs Afghanistan,P.N.G.,Norman Vanua,3,0,18,1,6.00,7,2,0,0,0,T20I # 2679
P.N.G. Vs Afghanistan,P.N.G.,John Kariko,3,0,15,0,5.00,9,2,0,0,0,T20I # 2679
Canada Vs U.S.A.,U.S.A.,Ali Khan,4,0,41,1,10.25,11,5,2,2,0,T20I # 2632
Canada Vs U.S.A.,U.S.A.,Saurabh Netravalkar,2,0,16,0,8.00,3,2,0,0,0,T20I # 2632
Canada Vs U.S.A.,U.S.A.,Harmeet Singh,4,0,27,1,6.75,11,3,1,0,0,T20I # 2632
Canada Vs U.S.A.,U.S.A.,Jasdeep Singh,3,0,24,0,8.00,7,4,0,0,0,T20I # 2632
Canada Vs U.S.A.,U.S.A.,Shadley van Schalkwyk,3,0,34,0,11.33,1,1,2,0,0,T20I # 2632
Canada Vs U.S.A.,U.S.A.,Steven Taylor,1,0,15,0,15.00,1,0,2,0,0,T20I # 2632
Canada Vs U.S.A.,U.S.A.,Corey Anderson,3,0,29,1,9.66,4,2,1,0,0,T20I # 2632
Canada Vs U.S.A.,Canada,Kaleem Sana,4,0,34,1,8.50,9,4,0,3,0,T20I # 2632
Canada Vs U.S.A.,Canada,Jeremy Gordon,3,0,44,0,14.66,7,4,3,3,2,T20I # 2632
Canada Vs U.S.A.,Canada,Dilon Heyliger,3,0,19,1,6.33,9,0,1,2,0,T20I # 2632
Canada Vs U.S.A.,Canada,Saad Bin Zafar,4,0,42,0,10.50,9,2,4,0,0,T20I # 2632
Canada Vs U.S.A.,Canada,Nikhil Dutta,2.4,0,41,1,15.37,5,2,4,2,1,T20I # 2632
Canada Vs U.S.A.,Canada,Pargat Singh,1,0,15,0,15.00,0,1,1,0,0,T20I # 2632
U.S.A. Vs West Indies,West Indies,Akeal Hosein,3,0,13,0,4.33,8,1,0,0,0,T20I # 2713
U.S.A. Vs West Indies,West Indies,Andre Russell,3.5,0,31,3,8.08,13,3,1,3,0,T20I # 2713
U.S.A. Vs West Indies,West Indies,Obed McCoy,2,0,20,0,10.00,4,3,0,1,0,T20I # 2713
U.S.A. Vs West Indies,West Indies,Alzarri Joseph,4,0,31,2,7.75,9,1,2,1,1,T20I # 2713
U.S.A. Vs West Indies,West Indies,Gudakesh Motie,3,0,14,1,4.66,9,1,0,0,0,T20I # 2713
U.S.A. Vs West Indies,West Indies,Roston Chase,4,0,19,3,4.75,9,1,0,1,0,T20I # 2713
U.S.A. Vs West Indies,U.S.A.,Saurabh Netravalkar,2.5,0,31,0,10.94,7,2,3,0,0,T20I # 2713
U.S.A. Vs West Indies,U.S.A.,Nosthush Kenjige,1,0,11,0,11.00,1,0,1,0,0,T20I # 2713
U.S.A. Vs West Indies,U.S.A.,Ali Khan,2,0,18,0,9.00,5,1,1,2,0,T20I # 2713
U.S.A. Vs West Indies,U.S.A.,Harmeet Singh,2,0,18,1,9.00,4,1,1,0,0,T20I # 2713
U.S.A. Vs West Indies,U.S.A.,Shadley van Schalkwyk,2,0,29,0,14.50,3,3,2,1,0,T20I # 2713
U.S.A. Vs West Indies,U.S.A.,Milind Kumar,1,0,22,0,22.00,1,0,3,1,0,T20I # 2713
Pakistan Vs U.S.A.,U.S.A.,Nosthush Kenjige,4,0,30,3,7.50,10,1,2,0,0,T20I # 2642
Pakistan Vs U.S.A.,U.S.A.,Saurabh Netravalkar,4,0,18,2,4.50,13,0,1,0,0,T20I # 2642
Pakistan Vs U.S.A.,U.S.A.,Ali Khan,4,0,30,1,7.50,8,2,1,2,0,T20I # 2642
Pakistan Vs U.S.A.,U.S.A.,Harmeet Singh,4,0,34,0,8.50,9,2,2,1,0,T20I # 2642
Pakistan Vs U.S.A.,U.S.A.,Jasdeep Singh,3,0,37,1,12.33,4,2,3,1,0,T20I # 2642
Pakistan Vs U.S.A.,U.S.A.,Corey Anderson,1,0,6,0,6.00,3,1,0,0,0,T20I # 2642
Pakistan Vs U.S.A.,Pakistan,Shaheen Shah Afridi,4,0,33,0,8.25,13,5,1,2,0,T20I # 2642
Pakistan Vs U.S.A.,Pakistan,Mohammad Amir,4,0,25,1,6.25,12,2,0,3,0,T20I # 2642
Pakistan Vs U.S.A.,Pakistan,Naseem Shah,4,0,26,1,6.50,9,3,0,2,0,T20I # 2642
Pakistan Vs U.S.A.,Pakistan,Haris Rauf,4,0,37,1,9.25,9,4,1,1,0,T20I # 2642
Pakistan Vs U.S.A.,Pakistan,Shadab Khan,3,0,27,0,9.00,4,0,2,1,0,T20I # 2642
Pakistan Vs U.S.A.,Pakistan,Iftikhar Ahmed,1,0,10,0,10.00,2,2,0,0,0,T20I # 2642
Sri Lanka Vs Netherlands,Netherlands,Vivian Kingma,3,0,23,1,7.66,9,3,0,3,0,T20I # 2699
Sri Lanka Vs Netherlands,Netherlands,Aryan Dutt,3,0,23,1,7.66,5,1,1,1,0,T20I # 2699
Sri Lanka Vs Netherlands,Netherlands,Logan van Beek,4,0,45,2,11.25,8,1,4,2,0,T20I # 2699
Sri Lanka Vs Netherlands,Netherlands,Paul van Meekeren,3,0,37,1,12.33,4,3,2,2,0,T20I # 2699
Sri Lanka Vs Netherlands,Netherlands,Tim Pringle,4,0,41,1,10.25,3,3,2,0,0,T20I # 2699
Sri Lanka Vs Netherlands,Netherlands,Bas de Leede,3,0,32,0,10.66,5,1,2,0,0,T20I # 2699
Sri Lanka Vs Netherlands,Sri Lanka,Angelo Mathews,2,0,20,0,10.00,7,0,2,1,1,T20I # 2699
Sri Lanka Vs Netherlands,Sri Lanka,Nuwan Thushara,3.4,0,24,3,6.54,11,2,1,2,0,T20I # 2699
Sri Lanka Vs Netherlands,Sri Lanka,Maheesh Theekshana,3,0,25,1,8.33,7,1,2,1,0,T20I # 2699
Sri Lanka Vs Netherlands,Sri Lanka,Wanindu Hasaranga,4,0,25,2,6.25,10,1,1,0,0,T20I # 2699
Sri Lanka Vs Netherlands,Sri Lanka,Dasun Shanaka,1,0,10,1,10.00,1,1,0,0,0,T20I # 2699
Sri Lanka Vs Netherlands,Sri Lanka,Matheesha Pathirana,3,0,12,2,4.00,10,0,0,1,0,T20I # 2699
South Africa Vs U.S.A.,U.S.A.,Saurabh Netravalkar,4,0,21,2,5.25,12,2,0,0,0,T20I # 2708
South Africa Vs U.S.A.,U.S.A.,Ali Khan,4,0,45,0,11.25,7,1,4,2,0,T20I # 2708
South Africa Vs U.S.A.,U.S.A.,Jasdeep Singh,2,0,36,0,18.00,2,2,3,2,1,T20I # 2708
South Africa Vs U.S.A.,U.S.A.,Nosthush Kenjige,3,0,29,0,9.66,2,2,1,0,0,T20I # 2708
South Africa Vs U.S.A.,U.S.A.,Harmeet Singh,4,0,24,2,6.00,8,2,0,0,1,T20I # 2708
South Africa Vs U.S.A.,U.S.A.,Steven Taylor,2,0,21,0,10.50,3,2,1,0,0,T20I # 2708
South Africa Vs U.S.A.,U.S.A.,Corey Anderson,1,0,17,0,17.00,0,2,1,0,0,T20I # 2708
South Africa Vs U.S.A.,South Africa,Marco Jansen,3,0,32,0,10.66,9,3,2,2,0,T20I # 2708
South Africa Vs U.S.A.,South Africa,Aiden Markram,1,0,13,0,13.00,2,1,1,0,0,T20I # 2708
South Africa Vs U.S.A.,South Africa,Kagiso Rabada,4,0,18,3,4.50,14,2,0,1,1,T20I # 2708
South Africa Vs U.S.A.,South Africa,Keshav Maharaj,4,0,24,1,6.00,7,0,1,0,0,T20I # 2708
South Africa Vs U.S.A.,South Africa,Anrich Nortje,4,0,37,1,9.25,10,2,3,1,0,T20I # 2708
South Africa Vs U.S.A.,South Africa,Tabraiz Shamsi,4,0,50,1,12.50,5,3,4,2,0,T20I # 2708
Sri Lanka Vs South Africa,South Africa,Marco Jansen,3.1,0,15,0,4.73,11,0,1,1,0,T20I # 2635
Sri Lanka Vs South Africa,South Africa,Kagiso Rabada,4,1,21,2,5.25,15,2,1,1,0,T20I # 2635
Sri Lanka Vs South Africa,South Africa,Ottneil Baartman,4,1,9,1,2.25,20,1,0,1,0,T20I # 2635
Sri Lanka Vs South Africa,South Africa,Keshav Maharaj,4,0,22,2,5.50,10,0,1,0,0,T20I # 2635
Sri Lanka Vs South Africa,South Africa,Anrich Nortje,4,0,7,4,1.75,18,0,0,0,0,T20I # 2635
Sri Lanka Vs South Africa,Sri Lanka,Angelo Mathews,3,0,16,0,5.33,11,1,1,1,0,T20I # 2635
Sri Lanka Vs South Africa,Sri Lanka,Nuwan Thushara,3,0,18,1,6.00,8,0,1,0,1,T20I # 2635
Sri Lanka Vs South Africa,Sri Lanka,Dasun Shanaka,3,1,6,1,2.00,12,0,0,0,0,T20I # 2635
Sri Lanka Vs South Africa,Sri Lanka,Matheesha Pathirana,3,0,12,0,4.00,8,0,0,1,0,T20I # 2635
Sri Lanka Vs South Africa,Sri Lanka,Wanindu Hasaranga,3.2,0,22,2,6.60,10,2,1,0,0,T20I # 2635
Sri Lanka Vs South Africa,Sri Lanka,Maheesh Theekshana,1,0,3,0,3.00,3,0,0,0,0,T20I # 2635
Afghanistan Vs New Zealand,New Zealand,Trent Boult,4,0,22,2,5.50,12,1,1,0,0,T20I # 2645
Afghanistan Vs New Zealand,New Zealand,Matt Henry,4,0,37,2,9.25,10,3,2,0,0,T20I # 2645
Afghanistan Vs New Zealand,New Zealand,Mitchell Santner,4,0,24,0,6.00,11,3,0,0,0,T20I # 2645
Afghanistan Vs New Zealand,New Zealand,Michael Bracewell,3,0,27,0,9.00,6,0,3,0,0,T20I # 2645
Afghanistan Vs New Zealand,New Zealand,Lockie Ferguson,4,0,28,1,7.00,12,3,1,0,0,T20I # 2645
Afghanistan Vs New Zealand,New Zealand,Daryl Mitchell,1,0,16,0,16.00,0,0,2,0,0,T20I # 2645
Afghanistan Vs New Zealand,Afghanistan,Fazalhaq Farooqi,3.2,0,17,4,5.10,15,2,0,3,0,T20I # 2645
Afghanistan Vs New Zealand,Afghanistan,Mohammad Nabi,4,0,16,2,4.00,11,0,0,0,0,T20I # 2645
Afghanistan Vs New Zealand,Afghanistan,Naveen-ul-Haq,3,0,10,0,3.33,12,1,0,0,0,T20I # 2645
Afghanistan Vs New Zealand,Afghanistan,Rashid Khan,4,0,17,4,4.25,16,2,0,2,0,T20I # 2645
Afghanistan Vs New Zealand,Afghanistan,Noor Ahmad,1,0,10,0,10.00,1,0,1,0,0,T20I # 2645
P.N.G. Vs New Zealand,New Zealand,Trent Boult,4,0,14,2,3.50,16,2,0,0,0,T20I # 2702
P.N.G. Vs New Zealand,New Zealand,Tim Southee,4,0,11,2,2.75,18,1,0,2,0,T20I # 2702
P.N.G. Vs New Zealand,New Zealand,Lockie Ferguson,4,4,0,3,0.00,24,0,0,0,0,T20I # 2702
P.N.G. Vs New Zealand,New Zealand,Ish Sodhi,3.4,0,29,2,7.90,9,3,1,1,0,T20I # 2702
P.N.G. Vs New Zealand,New Zealand,Mitchell Santner,4,0,17,1,4.25,14,1,0,1,0,T20I # 2702
P.N.G. Vs New Zealand,P.N.G.,Kabua Morea,2.2,0,4,2,1.71,11,0,0,0,0,T20I # 2702
P.N.G. Vs New Zealand,P.N.G.,Alei Nao,3,0,22,0,7.33,9,1,2,0,0,T20I # 2702
P.N.G. Vs New Zealand,P.N.G.,Assad Vala,1,0,4,0,4.00,2,0,0,0,0,T20I # 2702
P.N.G. Vs New Zealand,P.N.G.,Charles Amini,1,0,5,0,5.00,1,0,0,0,0,T20I # 2702
P.N.G. Vs New Zealand,P.N.G.,Semo Kamea,3,0,23,1,7.66,8,4,0,0,0,T20I # 2702
P.N.G. Vs New Zealand,P.N.G.,Chad Soper,1,0,14,0,14.00,2,1,1,0,0,T20I # 2702
P.N.G. Vs New Zealand,P.N.G.,Norman Vanua,1,0,6,0,6.00,3,1,0,0,0,T20I # 2702
India Vs Australia,Australia,Mitchell Starc,4,0,45,2,11.25,12,4,4,1,0,T20I # 2721
India Vs Australia,Australia,Josh Hazlewood,4,0,14,1,3.50,13,1,0,0,0,T20I # 2721
India Vs Australia,Australia,Pat Cummins,4,0,48,0,12.00,5,4,3,0,0,T20I # 2721
India Vs Australia,Australia,Adam Zampa,4,0,41,0,10.25,2,1,3,0,0,T20I # 2721
India Vs Australia,Australia,Marcus Stoinis,4,0,56,2,14.00,6,4,5,1,0,T20I # 2721
India Vs Australia,India,Arshdeep Singh,4,0,37,3,9.25,12,4,2,2,0,T20I # 2721
India Vs Australia,India,Jasprit Bumrah,4,0,29,1,7.25,11,3,1,0,0,T20I # 2721
India Vs Australia,India,Axar Patel,3,0,21,1,7.00,9,2,1,0,0,T20I # 2721
India Vs Australia,India,Hardik Pandya,4,0,47,0,11.75,8,4,3,1,0,T20I # 2721
India Vs Australia,India,Kuldeep Yadav,4,0,24,2,6.00,9,1,1,0,0,T20I # 2721
India Vs Australia,India,Ravindra Jadeja,1,0,17,0,17.00,0,2,1,0,0,T20I # 2721
India Vs Pakistan,Pakistan,Shaheen Shah Afridi,4,0,29,1,7.25,14,1,2,1,0,T20I # 2658
India Vs Pakistan,Pakistan,Naseem Shah,4,0,21,3,5.25,15,3,0,1,1,T20I # 2658
India Vs Pakistan,Pakistan,Mohammad Amir,4,0,23,2,5.75,15,3,0,0,0,T20I # 2658
India Vs Pakistan,Pakistan,Iftikhar Ahmed,1,0,7,0,7.00,3,1,0,1,0,T20I # 2658
India Vs Pakistan,Pakistan,Imad Wasim,3,0,17,0,5.66,6,1,0,1,0,T20I # 2658
India Vs Pakistan,Pakistan,Haris Rauf,3,0,21,3,7.00,10,4,0,0,0,T20I # 2658
India Vs Pakistan,India,Arshdeep Singh,4,0,31,1,7.75,11,4,0,1,0,T20I # 2658
India Vs Pakistan,India,Mohammed Siraj,4,0,19,0,4.75,11,1,0,1,1,T20I # 2658
India Vs Pakistan,India,Jasprit Bumrah,4,0,14,3,3.50,15,1,0,0,0,T20I # 2658
India Vs Pakistan,India,Hardik Pandya,4,0,24,2,6.00,11,1,1,1,0,T20I # 2658
India Vs Pakistan,India,Ravindra Jadeja,2,0,10,0,5.00,5,1,0,0,0,T20I # 2658
India Vs Pakistan,India,Axar Patel,2,0,11,1,5.50,6,0,1,0,0,T20I # 2658
South Africa Vs Nepal,Nepal,Sompal Kami,2,1,6,0,3.00,10,1,0,1,0,T20I # 2681
South Africa Vs Nepal,Nepal,Dipendra Singh Airee,4,0,21,3,5.25,9,1,0,1,0,T20I # 2681
South Africa Vs Nepal,Nepal,Karan KC,1,0,9,0,9.00,3,2,0,0,0,T20I # 2681
South Africa Vs Nepal,Nepal,Kushal Malla,2,0,17,0,8.50,6,2,1,0,0,T20I # 2681
South Africa Vs Nepal,Nepal,Sandeep Lamichhane,4,0,18,0,4.50,11,1,0,0,0,T20I # 2681
South Africa Vs Nepal,Nepal,Kushal Bhurtel,4,0,19,4,4.75,12,0,1,1,0,T20I # 2681
South Africa Vs Nepal,Nepal,Abinash Bohara,3,0,19,0,6.33,8,3,0,0,0,T20I # 2681
South Africa Vs Nepal,South Africa,Marco Jansen,4,0,16,0,4.00,16,1,1,0,0,T20I # 2681
South Africa Vs Nepal,South Africa,Kagiso Rabada,2,0,17,0,8.50,6,2,1,0,0,T20I # 2681
South Africa Vs Nepal,South Africa,Ottneil Baartman,4,0,20,0,5.00,15,3,0,0,0,T20I # 2681
South Africa Vs Nepal,South Africa,Anrich Nortje,4,0,27,1,6.75,15,3,1,3,0,T20I # 2681
South Africa Vs Nepal,South Africa,Tabraiz Shamsi,4,0,19,4,4.75,12,0,1,1,0,T20I # 2681
South Africa Vs Nepal,South Africa,Aiden Markram,2,0,8,1,4.00,4,0,0,0,0,T20I # 2681
P.N.G. Vs Uganda,Uganda,Alpesh Ramjani,4,1,17,2,4.25,16,1,1,0,0,T20I # 2640
P.N.G. Vs Uganda,Uganda,Cosmas Kyewuta,3.1,0,17,2,5.36,9,2,0,0,0,T20I # 2640
P.N.G. Vs Uganda,Uganda,Juma Miyagi,4,0,11,2,2.75,16,0,0,0,1,T20I # 2640
P.N.G. Vs Uganda,Uganda,Brian Masaba,4,0,17,1,4.25,11,1,0,0,0,T20I # 2640
P.N.G. Vs Uganda,Uganda,Frank Nsubuga,4,2,4,2,1.00,20,0,0,0,0,T20I # 2640
P.N.G. Vs Uganda,P.N.G.,Alei Nao,4,0,16,2,4.00,16,0,0,3,0,T20I # 2640
P.N.G. Vs Uganda,P.N.G.,Norman Vanua,4,0,19,2,4.75,17,1,0,6,0,T20I # 2640
P.N.G. Vs Uganda,P.N.G.,Chad Soper,4,0,13,1,3.25,14,0,0,1,0,T20I # 2640
P.N.G. Vs Uganda,P.N.G.,Assad Vala,2,0,10,1,5.00,6,1,0,0,0,T20I # 2640
P.N.G. Vs Uganda,P.N.G.,John Kariko,4,0,18,0,4.50,8,0,0,0,0,T20I # 2640
P.N.G. Vs Uganda,P.N.G.,Charles Amini,0.2,0,2,0,6.00,1,0,0,0,0,T20I # 2640
Nepal Vs Netherlands,Netherlands,Vivian Kingma,4,0,23,0,5.75,15,4,0,2,0,T20I # 2638
Nepal Vs Netherlands,Netherlands,Tim Pringle,4,0,20,3,5.00,13,1,1,0,0,T20I # 2638
Nepal Vs Netherlands,Netherlands,Logan van Beek,3.2,0,18,3,5.40,14,2,1,0,0,T20I # 2638
Nepal Vs Netherlands,Netherlands,Paul van Meekeren,4,0,19,2,4.75,12,2,0,1,0,T20I # 2638
Nepal Vs Netherlands,Netherlands,Bas de Leede,4,1,22,2,5.50,12,1,1,1,0,T20I # 2638
Nepal Vs Netherlands,Nepal,Karan KC,3,0,17,0,5.66,10,3,0,0,0,T20I # 2638
Nepal Vs Netherlands,Nepal,Sompal Kami,4,0,18,1,4.50,12,2,0,0,0,T20I # 2638
Nepal Vs Netherlands,Nepal,Gulsan Jha,2,0,17,0,8.50,2,2,0,0,1,T20I # 2638
Nepal Vs Netherlands,Nepal,Dipendra Singh Airee,2,0,6,1,3.00,7,0,0,0,0,T20I # 2638
Nepal Vs Netherlands,Nepal,Abinash Bohara,3.4,0,29,1,7.90,5,2,1,0,0,T20I # 2638
Nepal Vs Netherlands,Nepal,Sagar Dhakal,4,0,21,0,5.25,8,1,0,0,0,T20I # 2638
Sri Lanka Vs Bangladesh,Bangladesh,Tanzim Hasan Sakib,4,0,24,1,6.00,14,2,1,0,0,T20I # 2646
Sri Lanka Vs Bangladesh,Bangladesh,Shakib Al Hasan,3,0,30,0,10.00,5,4,0,0,0,T20I # 2646
Sri Lanka Vs Bangladesh,Bangladesh,Taskin Ahmed,4,0,25,2,6.25,12,3,0,1,0,T20I # 2646
Sri Lanka Vs Bangladesh,Bangladesh,Mustafizur Rahman,4,0,17,3,4.25,14,2,0,1,0,T20I # 2646
Sri Lanka Vs Bangladesh,Bangladesh,Rishad Hossain,4,0,22,3,5.50,10,1,1,0,0,T20I # 2646
Sri Lanka Vs Bangladesh,Bangladesh,Mahmudullah,1,0,4,0,4.00,2,0,0,0,0,T20I # 2646
Sri Lanka Vs Bangladesh,Sri Lanka,Dhananjaya de Silva,2,0,11,1,5.50,3,0,0,1,0,T20I # 2646
Sri Lanka Vs Bangladesh,Sri Lanka,Nuwan Thushara,4,0,18,4,4.50,14,1,0,5,0,T20I # 2646
Sri Lanka Vs Bangladesh,Sri Lanka,Maheesh Theekshana,4,0,25,0,6.25,8,1,0,3,0,T20I # 2646
Sri Lanka Vs Bangladesh,Sri Lanka,Wanindu Hasaranga,4,0,32,2,8.00,12,0,4,0,0,T20I # 2646
Sri Lanka Vs Bangladesh,Sri Lanka,Matheesha Pathirana,4,0,27,1,6.75,11,1,1,2,0,T20I # 2646
Sri Lanka Vs Bangladesh,Sri Lanka,Dasun Shanaka,1,0,11,0,11.00,2,0,1,1,0,T20I # 2646
Afghanistan Vs Bangladesh,Bangladesh,Tanzim Hasan Sakib,4,0,36,0,9.00,9,1,2,1,0,T20I # 2722
Afghanistan Vs Bangladesh,Bangladesh,Taskin Ahmed,4,1,12,1,3.00,19,0,1,0,0,T20I # 2722
Afghanistan Vs Bangladesh,Bangladesh,Shakib Al Hasan,4,0,19,0,4.75,11,0,1,0,0,T20I # 2722
Afghanistan Vs Bangladesh,Bangladesh,Mustafizur Rahman,4,0,17,1,4.25,14,2,0,0,0,T20I # 2722
Afghanistan Vs Bangladesh,Bangladesh,Rishad Hossain,4,0,26,3,6.50,13,3,0,1,0,T20I # 2722
Afghanistan Vs Bangladesh,Afghanistan,Naveen-ul-Haq,3.5,0,26,4,6.78,12,3,1,0,0,T20I # 2722
Afghanistan Vs Bangladesh,Afghanistan,Fazalhaq Farooqi,2,0,15,1,7.50,3,1,0,2,0,T20I # 2722
Afghanistan Vs Bangladesh,Afghanistan,Mohammad Nabi,2,0,15,0,7.50,5,2,0,0,0,T20I # 2722
Afghanistan Vs Bangladesh,Afghanistan,Rashid Khan,4,0,23,4,5.75,9,2,0,1,0,T20I # 2722
Afghanistan Vs Bangladesh,Afghanistan,Noor Ahmad,4,0,13,0,3.25,18,2,0,0,0,T20I # 2722
Afghanistan Vs Bangladesh,Afghanistan,Gulbadin Naib,2,0,5,1,2.50,7,0,0,0,0,T20I # 2722
Namibia Vs Australia,Australia,Josh Hazlewood,4,0,18,2,4.50,16,2,0,1,0,T20I # 2666
Namibia Vs Australia,Australia,Marcus Stoinis,3,0,9,2,3.00,14,1,0,2,0,T20I # 2666
Namibia Vs Australia,Australia,Pat Cummins,3,1,16,1,5.33,11,1,1,0,0,T20I # 2666
Namibia Vs Australia,Australia,Adam Zampa,4,0,12,4,3.00,17,0,1,0,0,T20I # 2666
Namibia Vs Australia,Australia,Nathan Ellis,3,1,12,1,4.00,13,2,0,0,0,T20I # 2666
Namibia Vs Australia,Namibia,Ruben Trumpelmann,2,0,19,0,9.50,5,4,0,0,0,T20I # 2666
Namibia Vs Australia,Namibia,David Wiese,1,0,15,1,15.00,3,2,1,1,0,T20I # 2666
Namibia Vs Australia,Namibia,Ben Shikongo,1,0,19,0,19.00,1,3,1,0,0,T20I # 2666
Namibia Vs Australia,Namibia,Gerhard Erasmus,1,0,6,0,6.00,5,0,1,0,0,T20I # 2666
Namibia Vs Australia,Namibia,Jack Brassell,0.4,0,14,0,21.00,1,2,1,0,0,T20I # 2666
West Indies Vs South Africa,South Africa,Marco Jansen,2,0,17,1,8.50,6,2,0,4,0,T20I # 2720
West Indies Vs South Africa,South Africa,Aiden Markram,4,0,28,1,7.00,11,1,2,2,0,T20I # 2720
West Indies Vs South Africa,South Africa,Keshav Maharaj,4,0,24,1,6.00,10,1,1,0,0,T20I # 2720
West Indies Vs South Africa,South Africa,Anrich Nortje,4,0,26,0,6.50,13,1,2,2,0,T20I # 2720
West Indies Vs South Africa,South Africa,Tabraiz Shamsi,4,0,27,3,6.75,11,3,1,0,0,T20I # 2720
West Indies Vs South Africa,South Africa,Kagiso Rabada,2,0,11,1,5.50,7,0,1,0,0,T20I # 2720
West Indies Vs South Africa,West Indies,Akeal Hosein,3,0,31,0,10.33,6,6,0,0,0,T20I # 2720
West Indies Vs South Africa,West Indies,Andre Russell,4,0,19,2,4.75,13,2,0,1,0,T20I # 2720
West Indies Vs South Africa,West Indies,Alzarri Joseph,4,0,25,2,6.25,9,1,0,1,0,T20I # 2720
West Indies Vs South Africa,West Indies,Gudakesh Motie,1,0,20,0,20.00,0,3,1,0,0,T20I # 2720
West Indies Vs South Africa,West Indies,Obed McCoy,1.1,0,15,0,12.85,3,1,1,3,0,T20I # 2720
West Indies Vs South Africa,West Indies,Roston Chase,3,0,12,3,4.00,10,1,0,0,0,T20I # 2720
Namibia Vs Scotland,Scotland,Brad Wheal,4,0,33,3,8.25,8,2,1,1,1,T20I # 2643
Namibia Vs Scotland,Scotland,Brad Currie,4,0,16,2,4.00,12,1,0,0,0,T20I # 2643
Namibia Vs Scotland,Scotland,Chris Sole,3,0,23,1,7.66,7,3,0,1,1,T20I # 2643
Namibia Vs Scotland,Scotland,Mark Watt,4,0,39,0,9.75,8,4,2,0,0,T20I # 2643
Namibia Vs Scotland,Scotland,Chris Greaves,3,0,24,1,8.00,5,1,1,0,0,T20I # 2643
Namibia Vs Scotland,Scotland,Michael Leask,2,0,16,1,8.00,4,1,1,0,0,T20I # 2643
Namibia Vs Scotland,Namibia,Ruben Trumpelmann,4,0,36,1,9.00,9,1,1,4,1,T20I # 2643
Namibia Vs Scotland,Namibia,David Wiese,3.3,0,30,0,8.57,10,1,3,0,0,T20I # 2643
Namibia Vs Scotland,Namibia,Tangeni Lungameni,3,0,39,1,13.00,4,3,2,1,0,T20I # 2643
Namibia Vs Scotland,Namibia,Bernard Scholtz,4,0,20,1,5.00,7,1,0,0,0,T20I # 2643
Namibia Vs Scotland,Namibia,Gerhard Erasmus,4,0,29,2,7.25,9,1,1,2,0,T20I # 2643
Ireland Vs Pakistan,Pakistan,Shaheen Shah Afridi,4,0,22,3,5.50,16,3,0,1,0,T20I # 2697
Ireland Vs Pakistan,Pakistan,Mohammad Amir,4,1,11,2,2.75,20,2,0,0,0,T20I # 2697
Ireland Vs Pakistan,Pakistan,Haris Rauf,4,0,17,1,4.25,16,1,1,0,0,T20I # 2697
Ireland Vs Pakistan,Pakistan,Abbas Afridi,3,0,31,0,10.33,5,1,2,2,0,T20I # 2697
Ireland Vs Pakistan,Pakistan,Shadab Khan,1,0,11,0,11.00,3,1,1,0,0,T20I # 2697
Ireland Vs Pakistan,Pakistan,Imad Wasim,4,0,8,3,2.00,17,0,0,0,0,T20I # 2697
Ireland Vs Pakistan,Ireland,Mark Adair,4,0,24,1,6.00,14,1,1,1,0,T20I # 2697
Ireland Vs Pakistan,Ireland,Josh Little,3,0,17,0,5.66,11,3,0,0,0,T20I # 2697
Ireland Vs Pakistan,Ireland,Barry McCarthy,4,1,15,3,3.75,15,1,0,1,0,T20I # 2697
Ireland Vs Pakistan,Ireland,Ben White,2,0,11,1,5.50,5,1,0,0,0,T20I # 2697
Ireland Vs Pakistan,Ireland,Curtis Campher,4,0,24,2,6.00,12,2,1,0,0,T20I # 2697
Ireland Vs Pakistan,Ireland,Gareth Delany,1.5,0,19,0,10.36,3,0,2,1,0,T20I # 2697
Ireland Vs India,India,Arshdeep Singh,4,0,35,2,8.75,14,3,1,5,1,T20I # 2639
Ireland Vs India,India,Mohammed Siraj,3,0,13,1,4.33,14,2,0,0,0,T20I # 2639
Ireland Vs India,India,Jasprit Bumrah,3,1,6,2,2.00,13,0,0,0,0,T20I # 2639
Ireland Vs India,India,Hardik Pandya,4,1,27,3,6.75,14,2,2,0,0,T20I # 2639
Ireland Vs India,India,Axar Patel,1,0,3,1,3.00,3,0,0,0,0,T20I # 2639
Ireland Vs India,India,Ravindra Jadeja,1,0,7,0,7.00,2,1,0,0,0,T20I # 2639
Ireland Vs India,Ireland,Mark Adair,4,0,27,1,6.75,13,3,0,3,0,T20I # 2639
Ireland Vs India,Ireland,Josh Little,4,0,42,0,10.50,12,2,4,3,0,T20I # 2639
Ireland Vs India,Ireland,Barry McCarthy,2.2,0,18,0,7.71,5,1,1,0,0,T20I # 2639
Ireland Vs India,Ireland,Curtis Campher,1,0,4,0,4.00,3,0,0,0,0,T20I # 2639
Ireland Vs India,Ireland,Ben White,1,0,6,1,6.00,3,1,0,0,0,T20I # 2639
Netherlands Vs South Africa,South Africa,Marco Jansen,4,0,20,2,5.00,15,2,0,1,1,T20I # 2649
Netherlands Vs South Africa,South Africa,Kagiso Rabada,4,0,27,0,6.75,12,2,1,1,0,T20I # 2649
Netherlands Vs South Africa,South Africa,Ottneil Baartman,4,0,11,4,2.75,17,1,0,1,0,T20I # 2649
Netherlands Vs South Africa,South Africa,Anrich Nortje,4,0,19,2,4.75,14,0,1,1,1,T20I # 2649
Netherlands Vs South Africa,South Africa,Keshav Maharaj,4,0,24,0,6.00,6,1,0,1,0,T20I # 2649
Netherlands Vs South Africa,Netherlands,Vivian Kingma,4,1,12,2,3.00,18,0,0,1,0,T20I # 2649
Netherlands Vs South Africa,Netherlands,Logan van Beek,4,1,21,2,5.25,13,1,1,0,0,T20I # 2649
Netherlands Vs South Africa,Netherlands,Paul van Meekeren,4,1,13,0,3.25,17,1,0,1,0,T20I # 2649
Netherlands Vs South Africa,Netherlands,Bas de Leede,3.5,0,34,1,8.86,12,2,2,0,1,T20I # 2649
Netherlands Vs South Africa,Netherlands,Tim Pringle,2,0,14,0,7.00,4,0,1,0,0,T20I # 2649
Netherlands Vs South Africa,Netherlands,Vikramjit Singh,1,0,11,0,11.00,0,0,1,0,0,T20I # 2649
India Vs England,England,Reece Topley,3,0,25,1,8.33,8,3,1,0,0,T20I # 2724
India Vs England,England,Jofra Archer,4,0,33,1,8.25,7,4,0,0,0,T20I # 2724
India Vs England,England,Sam Curran,2,0,25,1,12.50,3,2,2,0,0,T20I # 2724
India Vs England,England,Adil Rashid,4,0,25,1,6.25,9,3,0,0,0,T20I # 2724
India Vs England,England,Chris Jordan,3,0,37,3,12.33,4,0,4,0,0,T20I # 2724
India Vs England,England,Liam Livingstone,4,0,24,0,6.00,9,1,1,1,0,T20I # 2724
India Vs England,India,Arshdeep Singh,2,0,17,0,8.50,5,3,0,0,0,T20I # 2724
India Vs England,India,Jasprit Bumrah,2.4,0,12,2,4.50,8,1,0,0,0,T20I # 2724
India Vs England,India,Axar Patel,4,0,23,3,5.75,10,0,1,0,0,T20I # 2724
India Vs England,India,Kuldeep Yadav,4,0,19,3,4.75,12,2,0,0,0,T20I # 2724
India Vs England,India,Ravindra Jadeja,3,0,16,0,5.33,6,1,0,0,0,T20I # 2724
India Vs England,India,Hardik Pandya,1,0,14,0,14.00,1,1,1,0,0,T20I # 2724
U.S.A. Vs England,England,Reece Topley,3,0,29,1,9.66,8,2,2,0,0,T20I # 2719
U.S.A. Vs England,England,Jofra Archer,3,0,16,0,5.33,12,1,1,0,0,T20I # 2719
U.S.A. Vs England,England,Sam Curran,2,0,23,2,11.50,4,3,1,0,0,T20I # 2719
U.S.A. Vs England,England,Adil Rashid,4,0,13,2,3.25,13,0,0,1,0,T20I # 2719
U.S.A. Vs England,England,Liam Livingstone,4,0,24,1,6.00,10,1,1,0,0,T20I # 2719
U.S.A. Vs England,England,Chris Jordan,2.5,0,10,4,3.52,8,0,0,0,0,T20I # 2719
U.S.A. Vs England,U.S.A.,Saurabh Netravalkar,2,0,21,0,10.50,5,1,2,0,0,T20I # 2719
U.S.A. Vs England,U.S.A.,Harmeet Singh,2,0,36,0,18.00,3,0,5,2,0,T20I # 2719
U.S.A. Vs England,U.S.A.,Nosthush Kenjige,2,0,19,0,9.50,3,3,0,0,0,T20I # 2719
U.S.A. Vs England,U.S.A.,Ali Khan,2,0,26,0,13.00,2,2,0,2,0,T20I # 2719
U.S.A. Vs England,U.S.A.,Shadley van Schalkwyk,1.4,0,15,0,9.00,2,2,0,0,1,T20I # 2719
Bangladesh Vs Netherlands,Netherlands,Vivian Kingma,2,0,20,0,10.00,6,2,1,1,0,T20I # 2677
Bangladesh Vs Netherlands,Netherlands,Aryan Dutt,4,0,17,2,4.25,12,1,0,1,0,T20I # 2677
Bangladesh Vs Netherlands,Netherlands,Paul van Meekeren,4,0,15,2,3.75,13,1,0,0,0,T20I # 2677
Bangladesh Vs Netherlands,Netherlands,Logan van Beek,4,0,43,0,10.75,9,7,1,1,0,T20I # 2677
Bangladesh Vs Netherlands,Netherlands,Bas de Leede,3,0,31,0,10.33,5,5,0,0,0,T20I # 2677
Bangladesh Vs Netherlands,Netherlands,Tim Pringle,3,0,26,1,8.66,6,3,1,0,0,T20I # 2677
Bangladesh Vs Netherlands,Bangladesh,Mustafizur Rahman,4,0,12,1,3.00,17,1,0,1,0,T20I # 2677
Bangladesh Vs Netherlands,Bangladesh,Tanzim Hasan Sakib,3,0,23,1,7.66,9,4,0,0,0,T20I # 2677
Bangladesh Vs Netherlands,Bangladesh,Taskin Ahmed,4,0,30,2,7.50,13,3,2,0,0,T20I # 2677
Bangladesh Vs Netherlands,Bangladesh,Shakib Al Hasan,4,0,29,0,7.25,10,1,2,0,0,T20I # 2677
Bangladesh Vs Netherlands,Bangladesh,Rishad Hossain,4,0,33,3,8.25,11,2,2,0,0,T20I # 2677
Bangladesh Vs Netherlands,Bangladesh,Mahmudullah,1,0,6,1,6.00,3,1,0,0,0,T20I # 2677
South Africa Vs Bangladesh,Bangladesh,Tanzim Hasan Sakib,4,0,18,3,4.50,17,1,1,2,0,T20I # 2664
South Africa Vs Bangladesh,Bangladesh,Taskin Ahmed,4,0,19,2,4.75,14,1,1,0,0,T20I # 2664
South Africa Vs Bangladesh,Bangladesh,Mustafizur Rahman,4,0,18,0,4.50,16,1,1,1,0,T20I # 2664
South Africa Vs Bangladesh,Bangladesh,Rishad Hossain,4,0,32,1,8.00,10,2,2,0,0,T20I # 2664
South Africa Vs Bangladesh,Bangladesh,Shakib Al Hasan,1,0,6,0,6.00,1,0,0,0,0,T20I # 2664
South Africa Vs Bangladesh,Bangladesh,Mahmudullah,3,0,17,0,5.66,8,0,1,0,0,T20I # 2664
South Africa Vs Bangladesh,South Africa,Marco Jansen,4,0,17,0,4.25,17,2,0,2,0,T20I # 2664
South Africa Vs Bangladesh,South Africa,Kagiso Rabada,4,0,19,2,4.75,12,2,0,0,0,T20I # 2664
South Africa Vs Bangladesh,South Africa,Ottneil Baartman,4,0,27,0,6.75,11,2,1,0,0,T20I # 2664
South Africa Vs Bangladesh,South Africa,Keshav Maharaj,4,0,27,3,6.75,12,0,2,2,0,T20I # 2664
South Africa Vs Bangladesh,South Africa,Anrich Nortje,4,0,17,2,4.25,14,1,0,1,1,T20I # 2664
West Indies Vs New Zealand,New Zealand,Trent Boult,4,1,16,3,4.00,15,2,0,0,0,T20I # 2672
West Indies Vs New Zealand,New Zealand,Tim Southee,4,0,21,2,5.25,14,2,1,0,0,T20I # 2672
West Indies Vs New Zealand,New Zealand,Lockie Ferguson,4,0,27,2,6.75,11,2,1,2,0,T20I # 2672
West Indies Vs New Zealand,New Zealand,James Neesham,4,0,27,1,6.75,9,0,2,1,0,T20I # 2672
West Indies Vs New Zealand,New Zealand,Glenn Phillips,1,0,9,0,9.00,2,0,1,0,0,T20I # 2672
West Indies Vs New Zealand,New Zealand,Mitchell Santner,2,0,27,1,13.50,4,2,2,0,0,T20I # 2672
West Indies Vs New Zealand,New Zealand,Daryl Mitchell,1,0,19,0,19.00,2,0,3,0,0,T20I # 2672
West Indies Vs New Zealand,West Indies,Akeal Hosein,4,0,21,1,5.25,11,1,1,0,0,T20I # 2672
West Indies Vs New Zealand,West Indies,Romario Shepherd,3,0,36,0,12.00,7,1,4,2,0,T20I # 2672
West Indies Vs New Zealand,West Indies,Andre Russell,4,0,30,1,7.50,11,2,2,0,0,T20I # 2672
West Indies Vs New Zealand,West Indies,Alzarri Joseph,4,0,19,4,4.75,13,2,0,0,0,T20I # 2672
West Indies Vs New Zealand,West Indies,Gudakesh Motie,4,0,25,3,6.25,11,1,1,0,0,T20I # 2672
West Indies Vs New Zealand,West Indies,Roston Chase,1,0,4,0,4.00,3,0,0,1,0,T20I # 2672
India Vs Bangladesh,Bangladesh,Mahedi Hasan,4,0,28,0,7.00,9,2,1,0,0,T20I # 2716
India Vs Bangladesh,Bangladesh,Shakib Al Hasan,3,0,37,1,12.33,5,2,3,1,0,T20I # 2716
India Vs Bangladesh,Bangladesh,Tanzim Hasan Sakib,4,0,32,2,8.00,11,1,3,1,0,T20I # 2716
India Vs Bangladesh,Bangladesh,Mustafizur Rahman,4,0,48,0,12.00,6,5,2,1,1,T20I # 2716
India Vs Bangladesh,Bangladesh,Rishad Hossain,3,0,43,2,14.33,4,2,4,2,0,T20I # 2716
India Vs Bangladesh,Bangladesh,Mahmudullah,2,0,8,0,4.00,5,0,0,1,0,T20I # 2716
India Vs Bangladesh,India,Arshdeep Singh,4,0,30,2,7.50,12,4,1,1,0,T20I # 2716
India Vs Bangladesh,India,Jasprit Bumrah,4,0,13,2,3.25,15,1,0,0,0,T20I # 2716
India Vs Bangladesh,India,Axar Patel,2,0,26,0,13.00,2,2,2,0,0,T20I # 2716
India Vs Bangladesh,India,Hardik Pandya,3,0,32,1,10.66,6,1,3,2,0,T20I # 2716
India Vs Bangladesh,India,Ravindra Jadeja,3,0,24,0,8.00,5,2,1,0,0,T20I # 2716
India Vs Bangladesh,India,Kuldeep Yadav,4,0,19,3,4.75,11,0,1,0,0,T20I # 2716
Australia Vs England,England,Moeen Ali,2,0,18,1,9.00,6,2,1,0,0,T20I # 2650
Australia Vs England,England,Will Jacks,1,0,22,0,22.00,1,0,3,0,0,T20I # 2650
Australia Vs England,England,Jofra Archer,4,0,28,1,7.00,11,2,1,1,0,T20I # 2650
Australia Vs England,England,Mark Wood,3,0,32,0,10.66,9,2,3,0,0,T20I # 2650
Australia Vs England,England,Adil Rashid,4,0,41,1,10.25,7,4,2,1,0,T20I # 2650
Australia Vs England,England,Chris Jordan,4,0,44,2,11.00,6,4,2,4,0,T20I # 2650
Australia Vs England,England,Liam Livingstone,2,0,15,1,7.50,2,0,1,0,0,T20I # 2650
Australia Vs England,Australia,Mitchell Starc,3,0,37,0,12.33,7,3,3,2,0,T20I # 2650
Australia Vs England,Australia,Josh Hazlewood,4,0,28,1,7.00,10,4,0,0,0,T20I # 2650
Australia Vs England,Australia,Pat Cummins,4,0,23,2,5.75,10,2,0,1,0,T20I # 2650
Australia Vs England,Australia,Marcus Stoinis,3,0,24,1,8.00,6,3,0,2,0,T20I # 2650
Australia Vs England,Australia,Adam Zampa,4,0,28,2,7.00,9,0,2,0,0,T20I # 2650
Australia Vs England,Australia,Glenn Maxwell,2,0,22,0,11.00,5,0,3,0,0,T20I # 2650
Canada Vs Pakistan,Pakistan,Shaheen Shah Afridi,4,0,21,1,5.25,16,2,1,1,0,T20I # 2665
Canada Vs Pakistan,Pakistan,Naseem Shah,4,0,24,1,6.00,13,2,1,1,0,T20I # 2665
Canada Vs Pakistan,Pakistan,Mohammad Amir,4,0,13,2,3.25,17,2,0,0,0,T20I # 2665
Canada Vs Pakistan,Pakistan,Haris Rauf,4,0,26,2,6.50,14,1,1,3,0,T20I # 2665
Canada Vs Pakistan,Pakistan,Imad Wasim,4,0,19,0,4.75,16,0,2,1,0,T20I # 2665
Canada Vs Pakistan,Canada,Kaleem Sana,3,0,21,0,7.00,8,1,0,1,0,T20I # 2665
Canada Vs Pakistan,Canada,Jeremy Gordon,3.3,0,17,1,4.85,11,1,0,1,0,T20I # 2665
Canada Vs Pakistan,Canada,Dilon Heyliger,4,0,18,2,4.50,10,0,0,1,0,T20I # 2665
Canada Vs Pakistan,Canada,Saad Bin Zafar,4,0,23,0,5.75,7,1,0,1,0,T20I # 2665
Canada Vs Pakistan,Canada,Junaid Siddiqui,3,0,28,0,9.33,3,0,2,1,0,T20I # 2665
West Indies Vs Afghanistan,Afghanistan,Fazalhaq Farooqi,3,0,38,0,12.66,4,5,1,1,1,T20I # 2703
West Indies Vs Afghanistan,Afghanistan,Azmatullah Omarzai,2,0,41,1,20.50,5,4,3,1,1,T20I # 2703
West Indies Vs Afghanistan,Afghanistan,Rashid Khan,4,0,45,0,11.25,5,3,3,1,0,T20I # 2703
West Indies Vs Afghanistan,Afghanistan,Naveen-ul-Haq,4,0,41,1,10.25,10,4,2,2,0,T20I # 2703
West Indies Vs Afghanistan,Afghanistan,Noor Ahmad,4,0,20,0,5.00,6,0,0,0,0,T20I # 2703
West Indies Vs Afghanistan,Afghanistan,Mohammad Nabi,1,0,15,0,15.00,2,0,2,0,0,T20I # 2703
West Indies Vs Afghanistan,Afghanistan,Gulbadin Naib,2,0,14,2,7.00,4,0,1,0,0,T20I # 2703
West Indies Vs Afghanistan,West Indies,Akeal Hosein,4,1,21,2,5.25,14,3,0,1,0,T20I # 2703
West Indies Vs Afghanistan,West Indies,Andre Russell,2.2,0,17,1,7.28,6,1,1,0,0,T20I # 2703
West Indies Vs Afghanistan,West Indies,Alzarri Joseph,3,0,30,1,10.00,7,4,1,1,0,T20I # 2703
West Indies Vs Afghanistan,West Indies,Gudakesh Motie,4,0,28,2,7.00,12,1,2,0,0,T20I # 2703
West Indies Vs Afghanistan,West Indies,Obed McCoy,3,0,14,3,4.66,9,1,0,0,0,T20I # 2703
Australia Vs Oman,Oman,Bilal Khan,4,0,36,1,9.00,9,4,1,1,1,T20I # 2641
Australia Vs Oman,Oman,Kaleemullah,3,0,30,1,10.00,7,4,1,0,0,T20I # 2641
Australia Vs Oman,Oman,Shakeel Ahmed,4,0,28,0,7.00,10,2,1,0,1,T20I # 2641
Australia Vs Oman,Oman,Mehran Khan,4,0,38,2,9.50,12,1,4,0,1,T20I # 2641
Australia Vs Oman,Oman,Aqib Ilyas,4,0,18,0,4.50,10,1,0,0,0,T20I # 2641
Australia Vs Oman,Oman,Zeeshan Maqsood,1,0,12,0,12.00,0,2,0,0,0,T20I # 2641
Australia Vs Oman,Australia,Mitchell Starc,3,0,20,2,6.66,12,3,0,5,0,T20I # 2641
Australia Vs Oman,Australia,Josh Hazlewood,4,0,21,0,5.25,12,1,1,0,0,T20I # 2641
Australia Vs Oman,Australia,Nathan Ellis,4,0,28,2,7.00,9,2,1,1,0,T20I # 2641
Australia Vs Oman,Australia,Marcus Stoinis,3,0,19,3,6.33,11,1,1,1,0,T20I # 2641
Australia Vs Oman,Australia,Glenn Maxwell,2,0,11,0,5.50,5,1,0,1,0,T20I # 2641
Australia Vs Oman,Australia,Adam Zampa,4,0,24,2,6.00,11,0,2,0,0,T20I # 2641
West Indies Vs Uganda,Uganda,Alpesh Ramjani,3,0,16,1,5.33,11,1,1,0,0,T20I # 2651
West Indies Vs Uganda,Uganda,Cosmas Kyewuta,4,0,42,1,10.50,15,7,1,2,1,T20I # 2651
West Indies Vs Uganda,Uganda,Juma Miyagi,3,0,29,0,9.66,6,3,1,0,1,T20I # 2651
West Indies Vs Uganda,Uganda,Frank Nsubuga,3,0,29,0,9.66,4,1,2,0,1,T20I # 2651
West Indies Vs Uganda,Uganda,Brian Masaba,4,0,31,2,7.75,10,1,2,2,0,T20I # 2651
West Indies Vs Uganda,Uganda,Dinesh Nakrani,3,0,20,1,6.66,5,2,0,0,0,T20I # 2651
West Indies Vs Uganda,West Indies,Akeal Hosein,4,0,11,5,2.75,19,2,0,0,0,T20I # 2651
West Indies Vs Uganda,West Indies,Romario Shepherd,2,0,9,1,4.50,6,1,0,0,0,T20I # 2651
West Indies Vs Uganda,West Indies,Andre Russell,1,0,4,1,4.00,4,0,0,1,0,T20I # 2651
West Indies Vs Uganda,West Indies,Alzarri Joseph,3,0,6,2,2.00,14,0,0,1,0,T20I # 2651
West Indies Vs Uganda,West Indies,Gudakesh Motie,2,0,6,1,3.00,8,0,0,0,0,T20I # 2651
Afghanistan Vs Uganda,Uganda,Alpesh Ramjani,4,0,33,1,8.25,9,0,2,0,0,T20I # 2636
Afghanistan Vs Uganda,Uganda,Cosmas Kyewuta,4,0,25,2,6.25,9,2,0,0,0,T20I # 2636
Afghanistan Vs Uganda,Uganda,Dinesh Nakrani,3,0,37,0,12.33,2,6,0,0,0,T20I # 2636
Afghanistan Vs Uganda,Uganda,Bilal Hassan,2,0,34,0,17.00,3,4,1,1,1,T20I # 2636
Afghanistan Vs Uganda,Uganda,Henry Ssenyondo,2,0,19,0,9.50,4,0,2,1,0,T20I # 2636
Afghanistan Vs Uganda,Uganda,Riazat Ali Shah,1,0,11,0,11.00,1,1,0,0,0,T20I # 2636
Afghanistan Vs Uganda,Uganda,Brian Masaba,4,0,21,2,5.25,8,0,0,0,0,T20I # 2636
Afghanistan Vs Uganda,Afghanistan,Fazalhaq Farooqi,4,0,9,5,2.25,18,1,0,0,0,T20I # 2636
Afghanistan Vs Uganda,Afghanistan,Mujeeb Ur Rahman,3,0,16,1,5.33,13,2,0,1,0,T20I # 2636
Afghanistan Vs Uganda,Afghanistan,Naveen-ul-Haq,2,0,4,2,2.00,9,0,0,1,0,T20I # 2636
Afghanistan Vs Uganda,Afghanistan,Azmatullah Omarzai,2,0,7,0,3.50,8,0,0,1,0,T20I # 2636
Afghanistan Vs Uganda,Afghanistan,Rashid Khan,4,0,12,2,3.00,16,1,0,0,0,T20I # 2636
Afghanistan Vs Uganda,Afghanistan,Mohammad Nabi,1,0,8,0,8.00,3,0,1,0,0,T20I # 2636
P.N.G. Vs West Indies,West Indies,Akeal Hosein,3,0,9,1,3.00,13,1,0,0,0,T20I # 2633
P.N.G. Vs West Indies,West Indies,Romario Shepherd,3,0,23,1,7.66,5,1,0,1,0,T20I # 2633
P.N.G. Vs West Indies,West Indies,Andre Russell,3,0,19,2,6.33,8,2,0,1,0,T20I # 2633
P.N.G. Vs West Indies,West Indies,Roston Chase,4,0,26,0,6.50,11,1,1,3,0,T20I # 2633
P.N.G. Vs West Indies,West Indies,Alzarri Joseph,4,0,34,2,8.50,11,5,0,1,1,T20I # 2633
P.N.G. Vs West Indies,West Indies,Gudakesh Motie,3,0,24,1,8.00,7,2,1,0,0,T20I # 2633
P.N.G. Vs West Indies,P.N.G.,Kabua Morea,3,0,30,0,10.00,7,6,0,0,0,T20I # 2633
P.N.G. Vs West Indies,P.N.G.,Alei Nao,2,1,9,1,4.50,9,2,0,0,0,T20I # 2633
P.N.G. Vs West Indies,P.N.G.,Chad Soper,3,0,19,1,6.33,8,2,0,0,0,T20I # 2633
P.N.G. Vs West Indies,P.N.G.,Sese Bau,1,0,18,0,18.00,1,1,2,0,0,T20I # 2633
P.N.G. Vs West Indies,P.N.G.,John Kariko,4,0,17,1,4.25,15,0,1,0,0,T20I # 2633
P.N.G. Vs West Indies,P.N.G.,Assad Vala,4,1,28,2,7.00,11,3,1,0,0,T20I # 2633
P.N.G. Vs West Indies,P.N.G.,Charles Amini,2,0,14,0,7.00,3,0,1,0,0,T20I # 2633
Bangladesh Vs Australia,Australia,Mitchell Starc,4,0,21,1,5.25,15,3,0,2,0,T20I # 2711
Bangladesh Vs Australia,Australia,Josh Hazlewood,4,1,25,0,6.25,12,1,1,1,0,T20I # 2711
Bangladesh Vs Australia,Australia,Pat Cummins,4,0,29,3,7.25,8,1,0,3,0,T20I # 2711
Bangladesh Vs Australia,Australia,Adam Zampa,4,0,24,2,6.00,10,3,0,0,0,T20I # 2711
Bangladesh Vs Australia,Australia,Marcus Stoinis,2,0,24,1,12.00,3,1,2,1,0,T20I # 2711
Bangladesh Vs Australia,Australia,Glenn Maxwell,2,0,14,1,7.00,3,1,0,0,0,T20I # 2711
Bangladesh Vs Australia,Bangladesh,Mahedi Hasan,4,0,22,0,5.50,15,1,2,0,0,T20I # 2711
Bangladesh Vs Australia,Bangladesh,Tanzim Hasan Sakib,1,0,9,0,9.00,2,1,0,0,0,T20I # 2711
Bangladesh Vs Australia,Bangladesh,Taskin Ahmed,1.2,0,22,0,16.50,2,2,2,0,0,T20I # 2711
Bangladesh Vs Australia,Bangladesh,Mustafizur Rahman,2,0,23,0,11.50,3,3,1,0,0,T20I # 2711
Bangladesh Vs Australia,Bangladesh,Rishad Hossain,3,0,23,2,7.66,7,2,1,0,0,T20I # 2711
West Indies Vs England,England,Reece Topley,3,0,26,0,8.66,8,2,1,4,0,T20I # 2709
West Indies Vs England,England,Mark Wood,3,0,36,0,12.00,7,3,2,4,0,T20I # 2709
West Indies Vs England,England,Jofra Archer,4,0,34,1,8.50,12,5,1,1,0,T20I # 2709
West Indies Vs England,England,Sam Curran,3,0,25,0,8.33,9,3,1,0,0,T20I # 2709
West Indies Vs England,England,Adil Rashid,4,0,21,1,5.25,10,0,1,1,0,T20I # 2709
West Indies Vs England,England,Moeen Ali,2,0,15,1,7.50,3,0,1,0,0,T20I # 2709
West Indies Vs England,England,Liam Livingstone,1,0,20,1,20.00,2,0,3,0,0,T20I # 2709
West Indies Vs England,West Indies,Akeal Hosein,4,0,35,0,8.75,9,4,1,1,0,T20I # 2709
West Indies Vs England,West Indies,Romario Shepherd,2,0,41,0,20.50,2,5,3,1,0,T20I # 2709
West Indies Vs England,West Indies,Andre Russell,2,0,21,1,10.50,2,0,1,2,0,T20I # 2709
West Indies Vs England,West Indies,Alzarri Joseph,2.3,0,32,0,12.80,2,2,2,0,0,T20I # 2709
West Indies Vs England,West Indies,Gudakesh Motie,4,0,32,0,8.00,8,4,0,0,0,T20I # 2709
West Indies Vs England,West Indies,Roston Chase,3,0,19,1,6.33,6,1,0,2,0,T20I # 2709
